text,label,baseline_prediction,fine_tuned_prediction
"What is a Cinephile?

What do you guys consider a cinephile? Many people here seem to watch more than 350+ movies a year and to me that’s really hard to do considering the time it will take. However, I love movies especially musicals and I would always sit down with my girlfriend to watch a movie almost every night ranging from Sharknado or the Meg 2 to War and Peace (1965 and 1956) and On Gaurd 1997, We do love classical musicals and classic movies like only Angels have wings or Rear Window and we also watch things like The Human Condition, YiYi, The Canes are flying but ofc average movies like Disney, Barbie, Batman animated movies, The Mummy, Club dread, Eurotrip etc, point is the range is just really large. But I think the range tends to stop at mostly experimental films like Dead Man’s Letters where it does start to show some avant-garde and especially when we get to films like La Flor, Out 1, Heimat we havnt seen those and it’s not something we’ll really sit through. I might try it cause I always try to be open minded and respect the work that’s put in but I do tend to lose my interest a little. Most I’ve seen was Napoleon 1927 and Shoah that were pretty long and that’s already pushing it. Movies like 964 Pinocchio just feel like I’m forcing myself to watch it jsut to see what it’s like to be a cinephile but I think we just loves movies but not sure if that makes us a cinephile? Silent films aren’t really my thing either but there are good ones. Other movies that are considered niche for me cause I don’t really hear anyone I know talking about them are; Valley of the Gwangi, The Bronx Warriors, Toy Soldiers, Abbott and Costello Meet Frankenstein, The Clan of the cave Bear, The Slipper and the Rose, Island of Love, Prince of Darkness, Phantom of the Paradise, Princess Tam Tam, Birth of a Nation, Gettysburg (which was really long), Gods and Generals, and Heart of Darkness: A filmmakers Apocalypse. I do love me some Nicolas cage weird movies too lol. I also have seen disturbing films like Serbian film and those I consider those to be on an other level than just horror. So, I really wonder am I just a movie buff rather than a cinephile because I don’t watch experimental films? I took a film class as a fun elective and that was it. A lot of the people in the class started talking about things like blaxploitation movies and I had no idea what they were but I did watch the movie *Sweet Sweetback's Baadasssss Song 1971. I also like classic TV like* Have Gun Will Travel and the Dick Van Dyke Show. I hope this thread gives a little of my familiarity with cinema and movies and where I currently stand but again I do wonder would I be conserved just an above average movie watcher or movie buff rather than calling myself a cinephile? Or what makes a cinephile?",discussion_question,discussion_question,analysis
"Dangerous Liaisons (1988) and Valmont (1989). One is better and more Dangerous than the other. Both had perfect casting.

I wish people would talk about Stephen Frears' Dangerous Liaisons (1988) more, which is an amazing and devastating film. But I think it's also a curiosity that Miloš Forman of all directors (having made Amadeus and One Flew Over the Cuckoo's Nest) made an inferior but still fascinating version of the same story (Valmont, 1989) with the same characters, released less than a year later. Something crazy is that they shot these films on location in France at the same time, with the cast and crew often interacting with one another. The casting for both films was incredible, and every actor nailed the role in different ways. Both are worth watching. It's fun to debate whose of each performance was better. |Character|**Dangerous Liaisons (1988)**|**Valmont (1989)**| |:-|:-|:-| |**Merteuil**|Glenn Close|Annette Bening| |**Valmont**|John Malkovich|Colin Firth| |**Tourvel**|Michelle Pfeiffer|Meg Tilly| |**Cécile**|Uma Thurman|Fairuza Balk| |**Danceny**|Keanu Reeves|Henry Thomas|",opinion,opinion,analysis
"A short video that channels David Lynch’s existential dread through minimal visuals and ambient unease. Would love to hear others’ interpretations.

I recently came across this short video called ""You were never born. And still you watch."" It's a monologue on absence, identity, and the quiet continuation of the world in your nonexistence. There are no characters, no plot. Just a voice narrating over slow, eerie visuals and a man in a bunny suit who appears in empty rooms. He never moves much. He just waits. The whole thing feels inspired by Lynch but doesn’t try to copy him directly. The presence of the rabbit-headed man clearly echoes ""Rabbits,"" but the tone is more meditative than horrific. The spaces feel liminal. There's an uncanny stillness to the whole piece. The sound design is sparse but deliberate—fans humming, floorboards creaking, almost like the room itself is alive. The editing holds on shots just a little longer than is comfortable. Objects are symmetrical but never perfect. There’s an intentional flatness to the camera that makes every room feel like a memory. It made me think of Tsai Ming-liang, early Guy Maddin, even some of Bergman's more abstract moments. Or maybe it's better viewed as digital video art rather than film in the strict sense. If you have time to watch it, I’m curious what others here make of it. Is this kind of surreal tone-poem something you’d consider within the scope of ""film""? Or is it more in the domain of installation and internet art? Link for reference: [https://www.youtube.com/watch?v=r6JTrx-ClYc&t=627s](https://www.youtube.com/watch?v=r6JTrx-ClYc&t=627s)",discussion_question,discussion_question,analysis
"Yeah, it's an absolutely gorgeous and effective film. A modern classic for sure. Glad you are stepping out of your comfort zones and finding a whole new world of art and ideas that you otherwise may have missed out on.",opinion,opinion,discussion_question
"Lack of Feature Medical Dramas, some questions

It hasn't gone unnoticed that compared to legal dramas, cop procedurals, and other genre staples in television, medical dramas are lacking in number in feature films. There's plenty of reasons why to speculate, but the next question is what does that say about film as a medium and what people look for in films? What medical movies do exist and how do they function? After all the film movements, technological changes, and social progress, medical films have overall been limited more than one would expect of the genre. Medical shows never went out of style and it's not surprising that they would be considered the form to tell these kinds of stories. The Pitt has recently raised the bar of medical dramas, getting attention for its realism and accuracy, its self-contained narrative premise with the season taking place in one day, its tackling of recent and not so recent issues like Covid and mass shootings, among others. Grey's Anatomy is on its 22nd season. New medical shows premiere every year. It's not that medical movies aren't made at all, but one would think a familiar subject, central to everyone's experience, would get more attention. Early movies featuring doctors or scientists dealing with medicine in films like Arrowsmith, The Story of Louis Pasteur, and the Citadel didn't focus on the process of diagnosis and treatment like today. Grit and tension in making sure the patient would survive and the doctor wasn't in any danger of a lawsuit are a couple of traits of the modern medical drama (MMD). These films were praised and The Citadel was groundbreaking for the time even if it's too predictable and by-the-numbers today. Within these films, while there are major and minor similarities, I don't know if I would say there's a genre being created where an audience could identify and expect certain tropes and codes to occur. The films do present dilemmas where the ends justify the means, and there's conflict with established medical institutions holding science back because of their biases and traditions. They focus on single men instead of teams of people. They're very much of their time in having ""the wife"" be limited in their roles. With modern eyes, there isn't a hook to these films, narratively speaking. The MMD highlights a political or social issue that can be encountered through a medical case, and they care more about all kinds of representation, both in patients and healthcare workers. By the end of these films, despite any darkness, the future of medicine and the lives of the characters are extremely optimistic, too optimistic for modern viewers I'd say. The way they search for a cure crosses over to other scientific discovery films like Madame Curie (1943). There's an idealistic optimism and while the films don't shy away from technical dialogue, it's nothing like the medical jargon in MMDs. Dark Victory (1939) is about socialite played by Bette Davis slowly dying from a brain tumor. The decisions by the doctor are outrageous by today's standards since he doesn't tell her she has less than a year to live but tells everyone else. The film takes a decent amount of care in showing the tests to diagnose and the steps to reach surgery. However, Dark Victory is more so using the Leading Woman Illness, rather than depicting the realities of a real one, so the Hollywood star can remain beautiful and talkative until her final moments.",discussion_question,discussion_question,analysis
"How did you interpret one battle after another?

Just saw this movie and while I liked it, I’m kinda scratching my head as to what the message was. It seems like there was a hyperbolic caricature of the left vs a hyperbolic caricature of the right, and this somewhat imaginary conflict between the two. I felt like it was saying, look at this ridiculous group of people on each side and the ridiculous situation they find themselves in. It wasn’t outright saying, “if you identify with either group, you are silly and ridiculous,” but it kinda felt like it was going that way? I was entertained and had some good laughs. How did you interpret the movie? I saw it alone and had nobody else to talk to about it. The fact that it’s stuck in my head this long is a good sign. Highly recommend you see it if you haven’t!",discussion_question,discussion_question,analysis
"Are you me? The Matrix trilogy really got me obsessed with purpose for such a long time that it became unhealthy. What I love about Resurrections is that it deconstructs that obsession in a way that spoke to me at the stage of life I was in when it came out. I had just left an Evangelical cult I lived in for most of my life, left behind family and friends, and, while it was lonely and scary, I was finally free and was trying to find a way to express how I left that life behind. Resurrections was not a perfect film, but it's vibe was exactly what I needed when it was released. I think younger me who obsessed over the original trilogy would hate it. But, older me, who has seen some shit and been through some shit, needed this breath of fresh air.",opinion,opinion,analysis
"The Hero was the film that got me into films, one of my favorites as well",opinion,opinion,discussion_question
"Michael Cimino, auteurism, and filmmaker biographies

I'm currently reading Charles Elton's biography *Cimino: The Deer Hunter, Heaven’s Gate, and the Price of a Vision*, which I would definitely recommend to people on r/truefilm. Elton, of course, had a difficult job because Cimino was a relentless self-mythologizer, claiming birth years from 1939 (his actual birth year) to 1952 and telling elaborate, contradictory stories about his early life. Like a lot of auteurs or would-be auteurs, he crafted a public persona that influenced the perception of his films. I'd like to ask the sub some broader questions about filmmaker biographies in general, about the creative challenges they involve. On one hand, they require the same research challenges as any biography, the same questions about how to fit all the complexity of a life into a narrative structure. On the other hand, they also require some specifically film criticism-related insight into the films themselves, the directors' body of work as a whole, and the relationship between art and life. Have you read any filmmaker biographies that struck you as doing both of those things effectively? Does this format inherently lead to an auteurist reading of the films in question? How much can/should biographical context influence our reading of a film?",discussion_question,discussion_question,analysis
"I also agree with you, hence why I stated I still love it for its merits. It's my opinion that it is a shallow adaptation of the book, and that's OK too. Many great films are shallow adaptations of their source materials.",opinion,opinion,discussion_question
"I think you're right, there is that huge French flag behind the dj and a swastika flag is never shown/ would be over the top. not sure what David has to do with it though, does the film imply he's responsible for putting up? iirc yes but how? it's enormous...",opinion,discussion_question,discussion_question
"Revisiting Congo (1995): B-Movie Adventure with A-List Ambitions

The *Nerdspresso* review, [""Drinking Raindrops While Talking to Gorillas on My Congo Vacation""](https://southpointaccess.news/2024/11/30/nerdspresso-drinking-raindrops-while-talking-to-gorillas-on-my-congo-vacation/), takes a nostalgic look back at [Congo (1995)](https://youtu.be/MBohjBi348Y?si=UQb7jMWbikjMa5By), a jungle adventure that mixes B-movie thrills with A-list ambitions. Adapted from Michael Crichton’s 1980 novel, the film was directed by Frank Marshall and features a star-studded cast, including Laura Linney, Dylan Walsh, Ernie Hudson, and a gloriously over-the-top Tim Curry. While *Congo* was met with lukewarm reception upon release, it has developed a cult following over the years. The film leans heavily into pulp adventure tropes - ancient ruins, laser beams, and a lost city guarded by killer apes - but it’s all delivered with a knowing wink. The review highlights the charm of Stan Winston’s practical effects and the nostalgic thrill of the jungle atmosphere, even if the film’s dialogue (especially from Amy, the sign-language-speaking gorilla) borders on absurd at times. Despite its flaws, *Congo* feels like a throwback to the era of Saturday matinee adventures - an experience that balances camp with genuine excitement. But with today’s focus on hyper-realistic CGI and tightly plotted narratives, do films like *Congo* still hold a place in modern cinema? Or has the charm of pulp-style, adventure-for-adventure’s-sake filmmaking been lost? * Does *Congo* hold up today, or is it too dated for modern audiences? * Are there any recent films that successfully capture a similar sense of adventure? * How does *Congo* compare to other Crichton adaptations like *Jurassic Park* or *Sphere*? Check out the full review here: [Nerdspresso’s Take on *Congo*](https://southpointaccess.news/2024/11/30/nerdspresso-drinking-raindrops-while-talking-to-gorillas-on-my-congo-vacation/)*.*",discussion_question,discussion_question,analysis
"The end of Johnnie To's Sparrow (2008)

So in the end the old mobster basically sets out the condition for the girl's release - if the pickpockets can take the passport from one location to another without losing it she goes free. But the thing is the old man manages to recover the passport by slicing at the leader's jacket with a blade, although drawing blood as well. Why does the old man release the girl then? Is it because he drew blood, which is a no-no for a pickpocket (as it would alert the person being robbed)?",discussion_question,discussion_question,analysis
"Blood and Dust: 15 Essential Westerns of the 2020s

The Western genre has always fascinated me, not just because of cowboys and shootouts, but because it reflects the myths, contradictions, and evolving identities of the societies it portrays. I originally planned to compile a list of the greatest Westerns of the twenty-first century, but as I researched, I realized the 2020s alone have produced enough outstanding films to deserve their own list. From revisionist dramas and crime thrillers to horror and sci-fi hybrids, the modern Western continues to reinvent itself while exploring themes like violence, morality, capitalism, identity, and the fading frontier. Here's my list of what I think are the essential Westerns of the 2020s so far. https://thegenrejunkie.com/15-essential-neo-westerns-of-the-2020s/",opinion,opinion,discussion_question
